,Feature,Mean_SHAP
0,leads__vehiclegroup01__won_meanbymonth,43.783058166503906
1,customer_vehicle_relationships__vehiclegroup01__active_cars,9.514424324035645
2,sales_actuals_monthly__vehiclegroup01__retail,7.463737964630127
3,global_economy__debt_total_in_euro_general_government__euro,5.518535614013672
4,month_normalized,4.557116508483887
5,global_economy__industrial_production_index__index,4.437779426574707
6,global_economy__bop_portfolio_investment_asset_debit_capital_outflow_euro__euro,4.083012104034424
7,global_economy__exchange_rate_lcu_per_us_period_average__euro,3.7449135780334473
8,leasing_contracts__vehiclegroup01__end,2.84928560256958
9,global_economy__interest_rate_long_term__percentage,2.8377559185028076
10,quota__vehiclegroup01__aq_medianbymonth,2.593348741531372
11,global_economy__nominal_effective_trade_weighted_exchange_rate_nominal_value_of_lcu__index,2.4643945693969727
12,global_economy__fiscal_balance_current_primary_in_euro_general_government__euro,2.4416697025299072
13,month,1.9728665351867676
14,global_economy__interest_rate_prime__percentage,1.9351681470870972
15,leads__vehiclegroup01__first_touch_point_meanbymonth,1.9203438758850098
16,global_economy__consumer_price_index_year_on_year_percent_change__percent_change_year_ago,1.8842853307724
17,leasing_contracts__vehiclegroup01__start,1.7965587377548218
18,global_economy__bop_portfolio_investment_liability_credit_capital_inflow_euro__euro,1.7541505098342896
19,sales_flow_monthly__vehiclegroup01__cp8_medianbymonth,1.7071809768676758
20,global_economy__interest_rate_short_term_real__percentage,1.6057157516479492
21,global_economy__inventory_investment_year_on_year__percentage,1.4478164911270142
22,sales_stock_monthly__vehiclegroup01__physical_meanbymonth,1.3359712362289429
23,global_economy__growth_rate_nominal_effective_exchange_rate__percentage,1.3208873271942139
24,global_economy__nominal_gdp_at_factor_cost_agriculture_euro__euro,1.195560336112976
25,global_economy__consumer_price_index__index,1.1902785301208496
26,global_economy__index_labor_productivity_gdp_to_employed_labor_force__index,1.156947374343872
27,global_economy__growth_rate_nominal_retail_sales_index_lcu_year_on_year_percent_change__percent_change_year_ago,1.1536973714828491
28,global_economy__bop_trade_balance_goods_nf_services_of_gdp__percentage,1.1477484703063965
29,global_economy__bop_goods_balance_of_gdp__percentage,1.1343066692352295
30,global_economy__bop_services_factor_non_factor_balance_of_gdp__percentage,1.1291444301605225
31,global_economy__exchange_rate_lcu_per_yen_period_end__euro,1.1243278980255127
32,global_economy__bop_change_in_reserves_euro__euro,1.064026951789856
33,global_economy__exchange_rate_lcu_per_us_period_end__euro,1.0511784553527832
34,global_economy__interest_rate_spread_long_term_minus_short_term__percentage,0.969070315361023
35,global_economy__bop_goods_exports_of_gdp__percentage,0.9645761847496033
36,global_economy__bop_services_factor_non_factor_imports_euro__euro,0.9057276248931885
37,global_economy__nia_exports_deflator_year_on_year_percent_change__percent_change_year_ago,0.8808807730674744
38,global_economy__deflator_fixed_investment_private_non_residential_euro__index,0.8792523741722107
39,global_economy__deflator_gdp_at_factor_cost_agriculture_us__index,0.8270842432975769
40,premises__vehiclegroup01__flag_order_start_meanbymonth,0.817101240158081
41,global_economy__growth_rate_real_retail_sales_index_lcu_year_on_year_percent_change__percent_change_year_ago,0.7748956084251404
42,global_economy__nia_imports_of_goods_non_factor_services_year_on_year__percentage,0.7684209942817688
43,customer_vehicle_relationships__vehiclegroup01__terminated_cars,0.7487720251083374
44,global_economy__index_retail_sales_nominal_us_value__index,0.7472614049911499
45,global_economy__bop_current_account_balance_euro__euro,0.7460355162620544
46,sales_stock_monthly__vehiclegroup01__grossall_medianbymonth,0.7298471331596375
47,global_economy__interest_rate_short_term__percentage,0.7147246599197388
48,global_economy__exchange_rate_lcu_per_yen_period_average__euro,0.7139846682548523
49,global_economy__bop_direct_investment_liability_or_fdi_credit_capital_inflow_of_gdp__percentage,0.6857679486274719
50,global_economy__bop_factor_service_balance_net_foreign_investment_income_euro__euro,0.6821549534797668
51,global_economy__index_retail_sales_real_volume__index,0.6705583930015564
52,global_economy__growth_rate_terms_of_trade_goods_year_on_year_percent_change__percent_change_year_ago,0.6653186082839966
53,global_economy__bop_cap_account_bal_euro__euro,0.5874228477478027
54,global_consumer__female_population_15_to_64,0.5509905219078064
55,premises__vehiclegroup01__in_sales_meanbymonth,0.5294901132583618
56,global_economy__index_retail_sales_nominal_sa_value__index,0.5292415022850037
57,global_economy__growth_rate_broad_money_supply_period_end_year_on_year_percent_change_lcu__percent_change_year_ago,0.5136882662773132
58,sales_stock_monthly__vehiclegroup01__netimporteranddealer_meanbymonth,0.5116548538208008
59,global_economy__bop_goods_imports_us_growth_rate_year_on_year__percent_change_year_ago,0.5074441432952881
60,global_economy__bop_goods_balance_euro__euro,0.472694456577301
61,global_economy__money_supply_m2_period_end_us__u_s_dollar,0.42360153794288635
62,global_economy__bop_goods_exports_us_growth_rate_year_on_year__percent_change_year_ago,0.413677841424942
63,global_consumer__prime_rate,0.40227317810058594
64,global_economy__international_reserves_import_cover__months,0.38812071084976196
65,global_consumer__millions_of_households_w_inc_40_50k_constant_2015_us_ppp,0.3598930835723877
66,global_economy__interest_rate_money_market__percentage,0.35864290595054626
67,global_economy__growth_rate_money_supply_m1_period_end_year_on_year_percent_change_lcu__percent_change_year_ago,0.345730721950531
68,global_economy__bop_miscellaneous_capital_account_euro__euro,0.33825206756591797
69,global_economy__current_account_balance_as_a_of_gdp__percentage,0.3321799635887146
70,global_economy__bop_other_investment_balance_net_capital_inflow_us__u_s_dollar,0.324749618768692
71,global_economy__growth_rate_industrial_production_year_on_year_percent_change__percent_change_year_ago,0.32387658953666687
72,global_economy__consumer_price_index_dollar_basis__index,0.315670907497406
73,global_economy__long_term_interest_rate_differential_with_usa__percentage,0.3006008267402649
74,global_consumer__average_income,0.2998301088809967
75,global_economy__bop_direct_investment_asset_debit_capital_outflow_euro__euro,0.26831668615341187
76,global_economy__deflator_nia_exports_of_goods_non_factor_services_euro__index,0.2639663517475128
77,global_economy__growth_rate_money_supply_m1_period_end_year_on_year_percent_change_us__percent_change_year_ago,0.2617684006690979
78,global_economy__index_wages_straight_time_euro_basis__index,0.251781702041626
79,global_economy__broad_money_supply_period_end_us__u_s_dollar,0.24953535199165344
80,global_economy__international_reserves_excluding_gold_of_gdp__percentage,0.2455071210861206
81,global_economy__bop_trade_balance_goods_nf_services_euro__euro,0.23980431258678436
82,premises__vehiclegroup01__flag_production_start_meanbymonth,0.2085479348897934
83,global_economy__bop_goods_exports_percent_of_world_exports__percentage,0.20774750411510468
84,global_economy__exchange_rate_purchasing_power_parity_lcu_per_us__euro,0.19929753243923187
85,global_consumer__newspapers_books_and_stationery,0.18431761860847473
86,global_economy__deflator_gdp_at_factor_cost_agriculture_euro__index,0.1785523146390915
87,global_consumer__households,0.17839939892292023
88,global_consumer__male_population_20_to_24,0.17676633596420288
89,global_economy__growth_rate_total_revenue_in_lcu__percentage,0.16395823657512665
90,global_economy__bop_direct_investment_balance_or_net_fdi_net_capital_inflow_euro__euro,0.15370160341262817
91,global_consumer__personal_care,0.14967329800128937
92,global_economy__index_unit_labor_costs_lcu_basis_year_on_year_percent_change__percent_change_year_ago,0.14803798496723175
93,global_economy__bop_transfer_payments_balance_of_gdp__percentage,0.1477229744195938
94,global_economy__bop_net_errors_omissions_euro__euro,0.1313956379890442
95,global_economy__bop_basic_balance_euro__euro,0.1302337348461151
96,global_economy__growth_rate_real_private_consumption_per_capita__percentage,0.12116581201553345
97,global_economy__bop_other_investment_balance_net_capital_inflow_euro__euro,0.11319317668676376
98,global_economy__deflator_nia_imports_of_goods_non_factor_services_us__index,0.11158914864063263
99,global_economy__deflator_gdp_at_factor_cost_industry_manufacturing_euro__index,0.1063046008348465
100,global_economy__gross_domestic_product_deflator_year_on_year_percent_change__percent_change_year_ago,0.09838888049125671
101,global_economy__bop_transfer_payments_debit_euro__euro,0.09668929129838943
102,global_economy__deflator_gdp_at_factor_cost_industry_manufacturing_us__index,0.08985822647809982
103,global_economy__change_in_international_reserves__u_s_dollar,0.08346980065107346
104,global_consumer__millions_of_households_w_inc_10_15k_constant_2015_us,0.07996132224798203
105,global_economy__change_in_international_reserves_excluding_gold__u_s_dollar,0.07947573065757751
106,global_consumer__communication,0.07840736210346222
107,leads__vehiclegroup01__lost_meanbymonth,0.06983274966478348
108,global_economy__international_reserves_of_gdp__percentage,0.05964139848947525
109,global_economy__growth_rate_real_effective_exchange_rate__percentage,0.05890723690390587
110,global_economy__deflator_gdp_at_factor_cost_services_euro__index,0.0556853748857975
111,global_consumer__apparel,0.05286377668380737
112,global_economy__bop_portfolio_investment_balance_net_capital_inflow_euro__euro,0.04950578138232231
113,global_economy__bop_non_factor_service_balance_of_gdp__percentage,0.04177134111523628
114,global_economy__bop_direct_investment_balance_or_net_fdi_net_capital_inflow_of_gdp__percentage,0.04153241217136383
115,global_economy__fiscal_balance_current_in_euro_general_government__euro,0.04045553132891655
116,global_consumer__female_population_20_to_24,0.03898582607507706
117,global_economy__bop_direct_investment_liability_or_fdi_credit_capital_inflow_of_if__percentage,0.03822973370552063
118,global_economy__growth_rate_total_expenditure_in_euro__percentage,0.035505764186382294
119,global_economy__bop_direct_investment_liability_or_fdi_credit_capital_inflow_euro__euro,0.03462124615907669
120,global_economy__growth_rate_population_age_bracket_65__percentage,0.0322776660323143
121,global_economy__bop_factor_service_exports_and_credits_investment_income_receipts_from_the_rest_of_the_world_euro__euro,0.026314694434404373
122,global_consumer__millions_of_households_w_inc_100_150k_constant_2015_us,0.026267068460583687
123,global_economy__bop_transfer_payments_balance_euro__euro,0.025730377063155174
124,global_economy__gross_domestic_demand_year_on_year__percentage,0.024439547210931778
125,global_economy__bop_other_investment_liability_credit_capital_inflow_euro__euro,0.023412056267261505
126,global_economy__nominal_gdp_at_factor_cost_agriculture_us__u_s_dollar,0.020337825641036034
127,global_economy__bop_change_in_reserves_us__u_s_dollar,0.018220124766230583
128,global_consumer__millions_of_households_w_inc_100_150k_current_us,0.015440569259226322
129,global_economy__bop_services_factor_non_factor_balance_euro__euro,0.01471913605928421
130,global_consumer__automobiles,0.014034707099199295
131,global_economy__government_consumption_deflator_year_on_year_percent_change__percent_change_year_ago,0.013924581930041313
132,global_consumer__footwear,0.013749889098107815
133,global_economy__deflator_government_consumption_euro__index,0.011411774903535843
134,global_economy__government_consumption_year_on_year__percentage,0.01070492435246706
135,global_consumer__female_population_35_to_39,0.010207896120846272
136,global_economy__debt_total_in_us_general_government__u_s_dollar,0.009880506433546543
137,global_economy__employee_compensation_lcu_year_on_year_percent_change__percent_change_year_ago,0.00911216251552105
138,global_economy__bop_other_investment_asset_debit_capital_outflow_euro__euro,0.008614771999418736
139,global_consumer__appliances,0.008368188515305519
140,global_consumer__male_population_15_to_19,0.007923559285700321
141,global_economy__growth_rate_labor_productivity_gdp_to_employed_labor_force__percentage,0.00773348705843091
142,global_economy__fixed_investment_year_on_year__percentage,0.007469233591109514
143,global_economy__growth_rate_nominal_ppp_gdp_per_capita__percentage,0.007398613728582859
144,global_consumer__total_population_15_to_64,0.007360153365880251
145,global_economy__nia_exports_of_goods_non_factor_services_year_on_year__percentage,0.0073049599304795265
146,global_economy__nia_net_exports_of_goods_non_factor_services_year_on_year__percentage,0.006826356984674931
147,global_consumer__alcoholic_beverages,0.00654661376029253
148,global_economy__growth_rate_total_expenditure_in_lcu__percentage,0.006358282640576363
149,global_consumer__tobacco,0.004954127129167318
150,global_economy__deflator_fixed_investment_private_non_residential_us__index,0.004713133908808231
151,global_consumer__motorcycles_and_other_vehicles,0.0044024353846907616
152,global_economy__international_reserves_us__u_s_dollar,0.004317794926464558
153,global_economy__growth_rate_money_supply_m2_period_end_year_on_year_percent_change_lcu__percent_change_year_ago,0.0039199115708470345
154,global_economy__disposable_personal_income_euro__euro,0.003790814895182848
155,global_economy__deflator_fixed_investment_private_residential_us__index,0.0035360027104616165
156,global_economy__bop_factor_service_imports_and_debits_investment_income_payments_to_the_rest_of_the_world_euro__euro,0.0031859250739216805
157,global_economy__bop_non_factor_service_balance_euro__euro,0.0025279573164880276
158,global_economy__exchange_rate_lcu_per_us_period_end_year_on_year_percent_change__percent_change_year_ago,0.0023756620939821005
159,global_economy__index_retail_sales_nominal_euro_value__index,0.0021803101990371943
160,global_economy__exchange_rate_lcu_per_us_period_average_year_on_year_percent_change__percent_change_year_ago,0.00212797406129539
161,global_consumer__female_population_25_to_29,0.002074757358059287
162,global_economy__nominal_fixed_investment_private_non_residential_ppp__u_s_dollar,0.002026042202487588
163,global_economy__bop_portfolio_investment_balance_net_capital_inflow_of_gdp__percentage,0.002018078463152051
164,global_consumer__crude_birth_rate,0.0018923699390143156
165,global_consumer__household_energy,0.0017044146079570055
166,global_economy__growth_rate_total_expenditure_in_u_s_dollars__percentage,0.001604152494110167
167,global_economy__industrial_production_manufacturing_index__index,0.001516135293059051
168,global_consumer__female_population_0_to_14,0.0014550331979990005
169,global_economy__growth_rate_real_gdp_per_capita__percentage,0.0014345783274620771
170,global_economy__bop_goods_imports_us__u_s_dollar,0.0013377402210608125
171,global_economy__growth_rate_unspecified_revenue_total_otherwise_current_in_u_s_dollars_general_government__percentage,0.0012203222140669823
172,global_economy__income_from_social_security_and_other_transfer_payments_to_individuals_us__u_s_dollar,0.000994913512840867
173,global_economy__bop_financial_account_balance_euro__euro,0.0009309063316322863
174,global_economy__growth_rate_population_urban__percentage,0.0008977882098406553
175,global_economy__nominal_fixed_investment_us__u_s_dollar,0.0008211239473894238
176,global_economy__debt_total_of_gdp_general_government__percentage,0.0007256295648403466
177,premises__vehiclegroup01__in_production_meanbymonth,0.0006658374913968146
178,global_economy__m3_velocity__number,0.0006477667484432459
179,global_economy__bop_services_factor_non_factor_exports_euro__euro,0.0005748395342379808
180,global_consumer__female_population_15_to_19,0.00034313835203647614
181,global_economy__exchange_rate_purchasing_power_parity_lcu_per_us_year_on_year_percent_change__percent_change_year_ago,0.00032939043012447655
182,global_economy__money_supply_m1_period_end_us__u_s_dollar,0.00030359753873199224
183,global_economy__nominal_gdp_at_factor_cost_industry_manufacturing_us__u_s_dollar,0.00028220604872331023
184,global_economy__deflator_customs_clearance_imports_total_saar_us__index,0.00027406204026192427
185,global_consumer__transportation_services,0.0001910421415232122
186,global_economy__bop_net_errors_omissions_us__u_s_dollar,0.00013888020475860685
187,global_economy__growth_rate_population_age_bracket_0_14__percentage,9.082692122319713e-05
188,global_economy__growth_rate_broad_money_supply_period_end_year_on_year_percent_change_us__percent_change_year_ago,7.0269285060931e-05
189,global_economy__gross_domestic_demand_deflator_year_on_year_percent_change__percent_change_year_ago,6.830479833297431e-05
190,global_economy__bop_goods_balance_us__u_s_dollar,5.946788587607443e-05
191,global_economy__bop_total_imports_goods_nf_services_of_gdp__percentage,4.831629485124722e-05
192,global_consumer__female_population_0_to_4,4.244504089001566e-05
193,global_consumer__entertainment_and_information_processing_equipment,3.7428450013976544e-05
194,global_consumer__beer,3.448585266596638e-05
195,global_economy__bop_cap_account_bal_us__u_s_dollar,0.0
196,global_economy__full_employment_potential_real_gdp__u_s_dollar,0.0
197,global_economy__bop_current_account_balance_us__u_s_dollar,0.0
198,global_economy__bop_direct_investment_asset_debit_capital_outflow_us__u_s_dollar,0.0
199,global_economy__bop_direct_investment_balance_or_net_fdi_net_capital_inflow_us__u_s_dollar,0.0
200,global_economy__nominal_fixed_investment_private_residential_lcu__euro,0.0
201,global_economy__full_employment_potential_real_gdp__euro,0.0
202,global_economy__fiscal_balance_unspecified_total_otherwise_current_in_lcu_unspecified_government__u_s_dollar,0.0
203,global_economy__fiscal_balance_unspecified_total_otherwise_current_in_euro_general_government__euro,0.0
204,global_economy__fiscal_balance_unspecified_total_otherwise_current_in_lcu_central_government__u_s_dollar,0.0
205,global_economy__fiscal_balance_unspecified_total_otherwise_current_in_lcu_general_government__chinese_renminbi,0.0
206,global_economy__fiscal_balance_unspecified_total_otherwise_current_in_lcu_general_government__euro,0.0
207,global_economy__fiscal_balance_unspecified_total_otherwise_current_in_lcu_general_government__u_s_dollar,0.0
208,global_economy__fiscal_balance_unspecified_total_otherwise_current_in_lcu_unspecified_government__chinese_renminbi,0.0
209,global_economy__fiscal_balance_unspecified_total_otherwise_current_in_lcu_unspecified_government__euro,0.0
210,global_economy__fiscal_balance_unspecified_total_otherwise_current_in_us_central_government__u_s_dollar,0.0
211,global_economy__full_employment_potential_real_gdp__chinese_renminbi,0.0
212,global_economy__fiscal_balance_unspecified_total_otherwise_current_in_us_general_government__u_s_dollar,0.0
213,global_economy__fiscal_balance_unspecified_total_otherwise_current_in_us_unspecified_government__u_s_dollar,0.0
214,global_economy__fiscal_balance_unspecified_total_otherwise_current_of_gdp_central_government__percentage,0.0
215,global_economy__fiscal_balance_unspecified_total_otherwise_current_of_gdp_general_government__percentage,0.0
216,global_economy__fiscal_balance_unspecified_total_otherwise_current_of_gdp_unspecified_government__percentage,0.0
217,global_economy__fixed_investment_deflator_year_on_year_percent_change__percent_change_year_ago,0.0
218,global_economy__bop_direct_investment_liability_or_fdi_credit_capital_inflow_us__u_s_dollar,0.0
219,global_economy__growth_rate_current_expenditure_in_euro_central_government__percentage,0.0
220,global_economy__growth_rate_current_expenditure_in_u_s_dollars_central_government__percentage,0.0
221,global_economy__growth_rate_current_expenditure_in_euro_general_government__percentage,0.0
222,global_consumer__durables,0.0
223,global_economy__growth_rate_money_supply_m3_period_end_year_on_year_percent_change_lcu__percent_change_year_ago,0.0
224,global_consumer__education,0.0
225,global_economy__growth_rate_nominal_gdp_per_capita__percentage,0.0
226,global_economy__growth_rate_nominal_private_consumption_per_capita__percentage,0.0
227,global_economy__growth_rate_population_age_bracket_15_64__percentage,0.0
228,global_economy__growth_rate_population_rural__percentage,0.0
229,global_economy__growth_rate_real_ppp_gdp_per_capita__percentage,0.0
230,global_economy__growth_rate_total_expenditure_in_euro_central_government__percentage,0.0
231,global_economy__growth_rate_current_revenue_in_u_s_dollars_general_government__percentage,0.0
232,global_economy__growth_rate_current_revenue_in_u_s_dollars_central_government__percentage,0.0
233,global_economy__growth_rate_current_expenditure_in_euro_unspecified_government__percentage,0.0
234,global_economy__growth_rate_current_expenditure_in_lcu__percentage,0.0
235,global_economy__growth_rate_current_expenditure_in_lcu_central_government__percentage,0.0
236,global_economy__growth_rate_current_expenditure_in_lcu_general_government__percentage,0.0
237,global_economy__growth_rate_current_expenditure_in_u_s_dollars__percentage,0.0
238,global_economy__fiscal_balance_overall_primary_excludes_interest_payments_in_us_unspecified_government__u_s_dollar,0.0
239,global_economy__growth_rate_current_expenditure_in_u_s_dollars_general_government__percentage,0.0
240,global_economy__growth_rate_current_revenue_in_euro_central_government__percentage,0.0
241,global_economy__growth_rate_current_revenue_in_euro_general_government__percentage,0.0
242,global_economy__growth_rate_current_revenue_in_euro_unspecified_government__percentage,0.0
243,global_economy__growth_rate_current_revenue_in_lcu__percentage,0.0
244,global_economy__growth_rate_current_revenue_in_lcu_central_government__percentage,0.0
245,global_economy__growth_rate_current_revenue_in_lcu_general_government__percentage,0.0
246,global_economy__growth_rate_current_revenue_in_u_s_dollars__percentage,0.0
247,global_economy__fiscal_balance_unspecified_total_otherwise_current_in_euro_central_government__euro,0.0
248,global_economy__fiscal_balance_overall_primary_excludes_interest_payments_in_lcu_general_government__u_s_dollar,0.0
249,global_economy__fiscal_balance_overall_primary_excludes_interest_payments_in_us_general_government__u_s_dollar,0.0
250,global_economy__fiscal_balance_current_in_lcu_general_government__chinese_renminbi,0.0
251,global_economy__exchange_rate_purchasing_power_parity_lcu_per_us__chinese_renminbi,0.0
252,global_economy__bop_portfolio_investment_liability_credit_capital_inflow_us__u_s_dollar,0.0
253,global_economy__exchange_rate_purchasing_power_parity_lcu_per_us__u_s_dollar,0.0
254,global_economy__bop_portfolio_investment_balance_net_capital_inflow_us__u_s_dollar,0.0
255,global_economy__fiscal_balance_current_in_euro_central_government__euro,0.0
256,global_economy__bop_portfolio_investment_asset_debit_capital_outflow_us__u_s_dollar,0.0
257,global_economy__fiscal_balance_current_in_euro_unspecified_government__euro,0.0
258,global_economy__bop_other_investment_liability_credit_capital_inflow_us__u_s_dollar,0.0
259,global_economy__fiscal_balance_current_in_lcu_central_government__u_s_dollar,0.0
260,global_economy__fiscal_balance_current_in_lcu_general_government__euro,0.0
261,global_consumer__education_expenditures,0.0
262,global_economy__fiscal_balance_current_in_lcu_general_government__u_s_dollar,0.0
263,global_economy__fiscal_balance_current_in_lcu_unspecified_government__chinese_renminbi,0.0
264,global_economy__fiscal_balance_current_in_lcu_unspecified_government__euro,0.0
265,global_economy__fiscal_balance_current_in_lcu_unspecified_government__u_s_dollar,0.0
266,global_economy__fiscal_balance_current_in_us_central_government__u_s_dollar,0.0
267,global_economy__fiscal_balance_current_in_us_general_government__u_s_dollar,0.0
268,global_economy__fiscal_balance_current_in_us_unspecified_government__u_s_dollar,0.0
269,global_economy__fiscal_balance_current_of_gdp_central_government__percentage,0.0
270,global_economy__bop_other_investment_asset_debit_capital_outflow_us__u_s_dollar,0.0
271,global_economy__exchange_rate_lcu_per_yen_period_end__u_s_dollar,0.0
272,global_economy__exchange_rate_lcu_per_yen_period_end__chinese_renminbi,0.0
273,global_economy__fiscal_balance_current_of_gdp_unspecified_government__percentage,0.0
274,global_consumer__electronics_and_appliances_stores,0.0
275,global_economy__employment_total__persons,0.0
276,global_economy__exchange_rate_lcu_per_euro_period_average__chinese_renminbi,0.0
277,global_economy__exchange_rate_lcu_per_euro_period_average__euro,0.0
278,global_economy__exchange_rate_lcu_per_euro_period_average__u_s_dollar,0.0
279,global_economy__net_personal_saving_rate_personal_saving_as_a_of_disposable_income__forecast,0.0
280,global_economy__exchange_rate_lcu_per_euro_period_end__chinese_renminbi,0.0
281,global_economy__exchange_rate_lcu_per_euro_period_end__euro,0.0
282,global_economy__exchange_rate_lcu_per_euro_period_end__u_s_dollar,0.0
283,global_economy__exchange_rate_lcu_per_us_period_average__chinese_renminbi,0.0
284,global_economy__exchange_rate_lcu_per_us_period_average__u_s_dollar,0.0
285,global_economy__exchange_rate_lcu_per_yen_period_average__u_s_dollar,0.0
286,global_economy__international_reserves_lcu__u_s_dollar,0.0
287,global_economy__exchange_rate_lcu_per_us_period_end__chinese_renminbi,0.0
288,global_consumer__education_recreation,0.0
289,global_economy__exchange_rate_lcu_per_us_period_end__index,0.0
290,global_economy__exchange_rate_lcu_per_us_period_end__u_s_dollar,0.0
291,global_economy__bop_transfer_payments_debit_us__u_s_dollar,0.0
292,global_economy__bop_transfer_payments_credit_us__u_s_dollar,0.0
293,global_economy__exchange_rate_lcu_per_yen_period_average__chinese_renminbi,0.0
294,global_economy__bop_transfer_payments_balance_us__u_s_dollar,0.0
295,global_economy__fiscal_balance_current_of_gdp_general_government__percentage,0.0
296,global_economy__fiscal_balance_current_primary_in_euro_central_government__euro,0.0
297,global_economy__fiscal_balance_overall_primary_excludes_interest_payments_in_lcu_unspecified_government__u_s_dollar,0.0
298,global_economy__bop_factor_service_balance_net_foreign_investment_income_us__u_s_dollar,0.0
299,global_economy__fiscal_balance_overall_government_savings_in_lcu_general_government__chinese_renminbi,0.0
300,global_economy__fiscal_balance_overall_government_savings_in_lcu_general_government__euro,0.0
301,global_economy__fiscal_balance_overall_government_savings_in_lcu_general_government__u_s_dollar,0.0
302,global_economy__fiscal_balance_overall_government_savings_in_lcu_unspecified_government__chinese_renminbi,0.0
303,global_economy__fiscal_balance_overall_government_savings_in_lcu_unspecified_government__euro,0.0
304,global_economy__fiscal_balance_overall_government_savings_in_lcu_unspecified_government__u_s_dollar,0.0
305,global_economy__fiscal_balance_overall_government_savings_in_us_central_government__u_s_dollar,0.0
306,global_economy__fiscal_balance_overall_government_savings_in_us_general_government__u_s_dollar,0.0
307,global_economy__fiscal_balance_overall_government_savings_in_us_unspecified_government__u_s_dollar,0.0
308,global_economy__fiscal_balance_overall_of_gdp_central_government__percentage,0.0
309,global_economy__fiscal_balance_overall_government_savings_in_euro_unspecified_government__euro,0.0
310,global_economy__fiscal_balance_overall_of_gdp_general_government__percentage,0.0
311,global_economy__fiscal_balance_overall_of_gdp_unspecified_government__percentage,0.0
312,global_economy__fiscal_balance_overall_otherwise_current_in_euro_unspecified_government__euro,0.0
313,global_economy__fiscal_balance_overall_primary_excludes_interest_payments_in_euro_unspecified_government__euro,0.0
314,global_economy__fiscal_balance_overall_primary_excludes_interest_payments_in_lcu_general_government__chinese_renminbi,0.0
315,global_economy__fiscal_balance_overall_primary_excludes_interest_payments_in_lcu_general_government__euro,0.0
316,global_economy__fiscal_balance_overall_primary_excludes_interest_payments_in_lcu_unspecified_government__chinese_renminbi,0.0
317,global_economy__fiscal_balance_overall_primary_excludes_interest_payments_in_lcu_unspecified_government__euro,0.0
318,global_economy__fiscal_balance_overall_government_savings_in_lcu_central_government__u_s_dollar,0.0
319,global_economy__fiscal_balance_overall_government_savings_in_euro_general_government__euro,0.0
320,global_economy__bop_non_factor_service_imports_us__u_s_dollar,0.0
321,global_economy__fiscal_balance_current_primary_in_lcu_unspecified_government__euro,0.0
322,global_consumer__education_and_recreation,0.0
323,global_economy__fiscal_balance_current_primary_in_euro_unspecified_government__euro,0.0
324,global_economy__bop_non_factor_service_exports_us__u_s_dollar,0.0
325,global_economy__fiscal_balance_current_primary_in_lcu_central_government__u_s_dollar,0.0
326,global_economy__bop_non_factor_service_balance_us__u_s_dollar,0.0
327,global_economy__fiscal_balance_current_primary_in_lcu_general_government__chinese_renminbi,0.0
328,global_economy__fiscal_balance_current_primary_in_lcu_general_government__euro,0.0
329,global_economy__fiscal_balance_current_primary_in_lcu_general_government__u_s_dollar,0.0
330,global_economy__fiscal_balance_current_primary_in_lcu_unspecified_government__chinese_renminbi,0.0
331,global_economy__fiscal_balance_current_primary_in_lcu_unspecified_government__u_s_dollar,0.0
332,global_economy__fiscal_balance_overall_government_savings_in_euro_central_government__euro,0.0
333,global_economy__fiscal_balance_current_primary_in_us_central_government__u_s_dollar,0.0
334,global_economy__fiscal_balance_current_primary_in_us_general_government__u_s_dollar,0.0
335,global_economy__bop_financial_account_balance_us__u_s_dollar,0.0
336,global_economy__fiscal_balance_current_primary_in_us_unspecified_government__u_s_dollar,0.0
337,global_economy__bop_factor_service_imports_and_debits_investment_income_payments_to_the_rest_of_the_world_us__u_s_dollar,0.0
338,global_economy__fiscal_balance_current_primary_of_gdp_central_government__percentage,0.0
339,global_economy__fiscal_balance_current_primary_of_gdp_general_government__percentage,0.0
340,global_economy__bop_factor_service_exports_and_credits_investment_income_receipts_from_the_rest_of_the_world_us__u_s_dollar,0.0
341,global_economy__fiscal_balance_current_primary_of_gdp_unspecified_government__percentage,0.0
342,global_economy__growth_rate_total_expenditure_in_euro_general_government__percentage,0.0
343,global_economy__growth_rate_total_revenue_in_euro__percentage,0.0
344,global_economy__inverse_exchange_rate_period_average__u_s_dollar,0.0
345,global_economy__inverse_exchange_rate_period_end__u_s_dollar,0.0
346,global_economy__labor_force__persons,0.0
347,global_economy__labor_productivity_gdp_to_employed_labor_force_euro__euro,0.0
348,global_economy__labor_productivity_gdp_to_employed_labor_force_us__u_s_dollar,0.0
349,global_economy__nominal_gdp_at_factor_cost_agriculture_lcu__u_s_dollar,0.0
350,global_economy__m1_velocity__number,0.0
351,global_economy__m2_velocity__number,0.0
352,global_economy__money_supply_m1_period_end_euro__euro,0.0
353,global_economy__money_supply_m1_period_end_lcu__chinese_renminbi,0.0
354,global_economy__money_supply_m1_period_end_lcu__euro,0.0
355,global_economy__money_supply_m1_period_end_lcu__index,0.0
356,global_economy__money_supply_m1_period_end_lcu__u_s_dollar,0.0
357,global_economy__nominal_gdp_at_factor_cost_agriculture_lcu__euro,0.0
358,global_economy__money_supply_m2_period_end_euro__euro,0.0
359,global_economy__money_supply_m2_period_end_lcu__chinese_renminbi,0.0
360,global_economy__money_supply_m2_period_end_lcu__euro,0.0
361,global_economy__money_supply_m2_period_end_lcu__index,0.0
362,global_economy__money_supply_m2_period_end_lcu__u_s_dollar,0.0
363,global_economy__nominal_gdp_at_factor_cost_agriculture_lcu__chinese_renminbi,0.0
364,global_economy__nominal_gdp_at_factor_cost_agriculture_ppp__u_s_dollar,0.0
365,global_consumer__clothing_and_footwear,0.0
366,global_economy__money_supply_m3_period_end_lcu__chinese_renminbi,0.0
367,global_economy__nominal_gdp_at_factor_cost_euro__euro,0.0
368,global_economy__interest_payments_total_in_lcu_unspecified_government__chinese_renminbi,0.0
369,global_economy__interest_payments_total_in_lcu_unspecified_government__euro,0.0
370,global_economy__interest_payments_total_in_lcu_unspecified_government__u_s_dollar,0.0
371,global_economy__interest_payments_total_in_us_central_government__u_s_dollar,0.0
372,global_economy__interest_payments_total_in_us_general_government__u_s_dollar,0.0
373,global_economy__interest_payments_total_in_us_unspecified_government__u_s_dollar,0.0
374,global_consumer__department_stores,0.0
375,global_economy__nominal_gdp_at_factor_cost_industry_euro__euro,0.0
376,global_economy__interest_rate_policy__percentage,0.0
377,global_economy__nominal_gdp_at_factor_cost_industry_construction_us__u_s_dollar,0.0
378,global_consumer__consumer_price_index,0.0
379,global_economy__nominal_gdp_at_factor_cost_industry_construction_ppp__u_s_dollar,0.0
380,global_economy__international_reserves_excluding_gold_lcu__chinese_renminbi,0.0
381,global_economy__international_reserves_excluding_gold_lcu__euro,0.0
382,global_economy__international_reserves_excluding_gold_lcu__u_s_dollar,0.0
383,global_economy__nominal_gdp_at_factor_cost_industry_construction_lcu__euro,0.0
384,global_economy__international_reserves_excluding_gold_us__u_s_dollar,0.0
385,global_economy__nominal_gdp_at_factor_cost_industry_construction_lcu__chinese_renminbi,0.0
386,global_economy__nominal_gdp_at_factor_cost_industry_construction_euro__euro,0.0
387,global_economy__money_supply_m3_period_end_euro__euro,0.0
388,global_economy__money_supply_m3_period_end_lcu__euro,0.0
389,global_economy__nominal_gdp_at_factor_cost_industry_lcu__chinese_renminbi,0.0
390,global_economy__nominal_fixed_investment_government_lcu__u_s_dollar,0.0
391,global_economy__nominal_fixed_investment_government_ppp__u_s_dollar,0.0
392,global_economy__nominal_fixed_investment_government_us__u_s_dollar,0.0
393,global_economy__nominal_fixed_investment_lcu__chinese_renminbi,0.0
394,global_economy__nominal_fixed_investment_lcu__euro,0.0
395,global_economy__nominal_fixed_investment_lcu__u_s_dollar,0.0
396,global_economy__nominal_fixed_investment_private_residential_lcu__u_s_dollar,0.0
397,global_economy__nominal_fixed_investment_ppp__u_s_dollar,0.0
398,global_economy__nominal_fixed_investment_private_non_residential_equipment_euro__euro,0.0
399,global_economy__nominal_fixed_investment_private_non_residential_equipment_lcu__u_s_dollar,0.0
400,global_economy__nominal_fixed_investment_private_non_residential_equipment_ppp__u_s_dollar,0.0
401,global_economy__nominal_fixed_investment_private_non_residential_equipment_us__u_s_dollar,0.0
402,global_economy__nominal_fixed_investment_private_non_residential_euro__euro,0.0
403,global_economy__nominal_fixed_investment_private_non_residential_lcu__euro,0.0
404,global_economy__nominal_fixed_investment_private_non_residential_lcu__u_s_dollar,0.0
405,global_economy__nominal_fixed_investment_private_non_residential_structures_euro__euro,0.0
406,global_economy__nominal_fixed_investment_private_non_residential_structures_lcu__u_s_dollar,0.0
407,global_economy__nominal_fixed_investment_private_non_residential_structures_ppp__u_s_dollar,0.0
408,global_economy__nominal_fixed_investment_private_non_residential_structures_us__u_s_dollar,0.0
409,global_economy__nominal_fixed_investment_private_non_residential_us__u_s_dollar,0.0
410,global_economy__nominal_fixed_investment_private_residential_ppp__u_s_dollar,0.0
411,global_economy__nominal_fixed_investment_government_euro__euro,0.0
412,global_economy__money_supply_m3_period_end_lcu__index,0.0
413,global_economy__nominal_fixed_investment_euro__euro,0.0
414,global_economy__money_supply_m3_period_end_us__u_s_dollar,0.0
415,global_economy__net_capital_transfers_and_sales_of_assets_in_euro_general_government__euro,0.0
416,global_economy__net_capital_transfers_and_sales_of_assets_in_euro_unspecified_government__euro,0.0
417,global_economy__net_capital_transfers_and_sales_of_assets_in_lcu_general_government__u_s_dollar,0.0
418,global_economy__net_capital_transfers_and_sales_of_assets_in_lcu_unspecified_government__u_s_dollar,0.0
419,global_economy__net_capital_transfers_and_sales_of_assets_in_us_general_government__u_s_dollar,0.0
420,global_economy__net_capital_transfers_and_sales_of_assets_in_us_unspecified_government__u_s_dollar,0.0
421,global_economy__net_international_investment_position_net_total_foreign_assets_lcu_basis__u_s_dollar,0.0
422,global_consumer__clothing_and_accessories_stores,0.0
423,global_economy__nia_imports_deflator_year_on_year_percent_change__percent_change_year_ago,0.0
424,global_economy__nominal_fixed_investment_private_residential_us__u_s_dollar,0.0
425,global_economy__nominal_consumption_per_capita_us__u_s_dollar,0.0
426,global_economy__nominal_consumption_total_euro__euro,0.0
427,global_economy__nominal_consumption_total_lcu__chinese_renminbi,0.0
428,global_economy__nominal_consumption_total_lcu__euro,0.0
429,global_economy__nominal_consumption_total_lcu__u_s_dollar,0.0
430,global_economy__nominal_consumption_total_ppp__u_s_dollar,0.0
431,global_economy__nominal_consumption_total_us__u_s_dollar,0.0
432,global_consumer__building_materials_garden_supply,0.0
433,global_economy__interest_payments_total_in_lcu_general_government__u_s_dollar,0.0
434,global_economy__interest_payments_total_in_lcu_general_government__euro,0.0
435,global_economy__growth_rate_total_expenditure_in_lcu_central_government__percentage,0.0
436,global_economy__growth_rate_unspecified_expenditure_total_otherwise_current_in_lcu_general_government__percentage,0.0
437,global_economy__growth_rate_unspecified_expenditure_total_otherwise_current_in_u_s_dollars_central_government__percentage,0.0
438,global_economy__growth_rate_unspecified_expenditure_total_otherwise_current_in_u_s_dollars_general_government__percentage,0.0
439,global_economy__growth_rate_unspecified_expenditure_total_otherwise_current_in_u_s_dollars_unspecified_government__percentage,0.0
440,global_economy__growth_rate_unspecified_revenue_total_otherwise_current_in_euro_central_government__percentage,0.0
441,global_economy__growth_rate_unspecified_revenue_total_otherwise_current_in_euro_general_government__percentage,0.0
442,global_economy__growth_rate_unspecified_revenue_total_otherwise_current_in_euro_unspecified_government__percentage,0.0
443,global_economy__growth_rate_unspecified_revenue_total_otherwise_current_in_lcu_central_government__percentage,0.0
444,global_economy__growth_rate_unspecified_revenue_total_otherwise_current_in_lcu_general_government__percentage,0.0
445,global_economy__growth_rate_unspecified_revenue_total_otherwise_current_in_lcu_unspecified_government__percentage,0.0
446,global_economy__growth_rate_unspecified_revenue_total_otherwise_current_in_u_s_dollars_central_government__percentage,0.0
447,global_economy__growth_rate_unspecified_revenue_total_otherwise_current_in_u_s_dollars_unspecified_government__percentage,0.0
448,global_economy__household_interest_payment_euro__euro,0.0
449,global_economy__household_interest_payment_lcu__u_s_dollar,0.0
450,global_economy__growth_rate_unspecified_expenditure_total_otherwise_current_in_lcu_unspecified_government__percentage,0.0
451,global_economy__growth_rate_unspecified_expenditure_total_otherwise_current_in_lcu_central_government__percentage,0.0
452,global_economy__household_interest_payment_us__u_s_dollar,0.0
453,global_economy__growth_rate_unspecified_expenditure_total_otherwise_current_in_euro_unspecified_government__percentage,0.0
454,global_economy__growth_rate_total_expenditure_in_lcu_general_government__percentage,0.0
455,global_economy__growth_rate_total_expenditure_in_u_s_dollars_central_government__percentage,0.0
456,global_economy__growth_rate_total_expenditure_in_u_s_dollars_general_government__percentage,0.0
457,global_economy__nominal_fixed_investment_private_residential_euro__euro,0.0
458,global_economy__growth_rate_total_revenue_in_euro_central_government__percentage,0.0
459,global_economy__growth_rate_total_revenue_in_euro_general_government__percentage,0.0
460,global_economy__growth_rate_total_revenue_in_lcu_central_government__percentage,0.0
461,global_economy__growth_rate_total_revenue_in_lcu_general_government__percentage,0.0
462,global_economy__growth_rate_total_revenue_in_u_s_dollars__percentage,0.0
463,global_economy__growth_rate_total_revenue_in_u_s_dollars_central_government__percentage,0.0
464,global_economy__growth_rate_total_revenue_in_u_s_dollars_general_government__percentage,0.0
465,global_economy__growth_rate_unspecified_expenditure_total_otherwise_current_in_euro_central_government__percentage,0.0
466,global_economy__growth_rate_unspecified_expenditure_total_otherwise_current_in_euro_general_government__percentage,0.0
467,global_consumer__apparel_footwear,0.0
468,global_economy__household_operating_surplus_proprietor_s_income_euro__euro,0.0
469,global_economy__interest_payments_total_in_lcu_general_government__chinese_renminbi,0.0
470,global_economy__nominal_gdp_at_factor_cost_lcu__euro,0.0
471,global_economy__index_unit_labor_costs_us_basis__index,0.0
472,global_economy__nominal_gdp_at_factor_cost_industry_us__u_s_dollar,0.0
473,global_economy__nominal_gdp_at_factor_cost_industry_ppp__u_s_dollar,0.0
474,global_economy__index_wages_straight_time_lcu_basis__index,0.0
475,global_economy__nominal_gdp_at_factor_cost_industry_manufacturing_ppp__u_s_dollar,0.0
476,global_economy__index_wages_straight_time_us_basis__index,0.0
477,global_consumer__disposable_income_index_constant_2015_us,0.0
478,global_economy__nominal_gdp_at_factor_cost_industry_manufacturing_lcu__u_s_dollar,0.0
479,global_economy__interest_payments_of_gdp_central_government__percentage,0.0
480,global_economy__interest_payments_of_gdp_general_government__percentage,0.0
481,global_economy__nominal_gdp_at_factor_cost_industry_manufacturing_lcu__euro,0.0
482,global_economy__nominal_gdp_at_factor_cost_industry_manufacturing_euro__euro,0.0
483,global_economy__interest_payments_of_gdp_unspecified_government__percentage,0.0
484,global_economy__interest_payments_total_in_euro_central_government__euro,0.0
485,global_economy__nominal_gdp_at_factor_cost_industry_lcu__u_s_dollar,0.0
486,global_economy__interest_payments_total_in_euro_general_government__euro,0.0
487,global_economy__interest_payments_total_in_euro_unspecified_government__euro,0.0
488,global_economy__nominal_gdp_at_factor_cost_industry_lcu__euro,0.0
489,global_economy__interest_payments_total_in_lcu_central_government__u_s_dollar,0.0
490,global_economy__nominal_gdp_at_factor_cost_lcu__chinese_renminbi,0.0
491,global_economy__employment_salary_paid_employees__persons,0.0
492,global_economy__household_operating_surplus_proprietor_s_income_lcu__u_s_dollar,0.0
493,global_consumer__average_disposable_income_of_urban_households_real,0.0
494,global_economy__household_operating_surplus_proprietor_s_income_us__u_s_dollar,0.0
495,global_economy__housing_starts__unit,0.0
496,global_economy__income_from_social_security_and_other_transfer_payments_to_individuals_euro__euro,0.0
497,global_economy__income_from_social_security_and_other_transfer_payments_to_individuals_lcu__euro,0.0
498,global_economy__income_from_social_security_and_other_transfer_payments_to_individuals_lcu__u_s_dollar,0.0
499,global_economy__index_labor_productivity__index,0.0
500,global_consumer__disposable_income_index_current_us,0.0
501,global_economy__index_labor_productivity_gdp_to_employed_labor_force_year_on_year_percent_change__percent_change_year_ago,0.0
502,global_economy__index_monthly_compensation_per_employee_lcu_basis__index,0.0
503,global_consumer__average_disposable_income_of_urban_households_nominal,0.0
504,global_economy__index_unit_labor_costs_euro_basis__index,0.0
505,global_economy__index_unit_labor_costs_lcu_basis__index,0.0
506,global_economy__employment_self_employed_workers__persons,0.0
507,global_economy__deflator_gross_domestic_investment_euro__index,0.0
508,global_economy__employee_compensation_us__u_s_dollar,0.0
509,global_consumer__recreational_and_cultural_services,0.0
510,global_consumer__population_rural_adjusted,0.0
511,global_consumer__population_total_adjusted,0.0
512,global_consumer__population_urban_adjusted,0.0
513,global_consumer__ppp_conversion_factor,0.0
514,global_consumer__primary_enrollment_rate,0.0
515,global_consumer__private_health_expenditures,0.0
516,global_consumer__profits,0.0
517,global_consumer__public_health_expenditures,0.0
518,global_consumer__real_gdp_adjusted_2010_yuan,0.0
519,global_consumer__real_ppp_conversion_factor,0.0
520,global_consumer__real_private_consumption_adjusted,0.0
521,global_consumer__recreational_items_and_equipment,0.0
522,global_consumer__outpatient_services,0.0
523,global_consumer__residence,0.0
524,global_consumer__restaurants,0.0
525,global_consumer__restaurants_hotels,0.0
526,global_consumer__retail_sales_of_goods_of_the_enterprises_above_designated_size_automobile,0.0
527,global_consumer__retail_sales_of_goods_of_the_enterprises_above_designated_size_books_newspaper_and_magazines,0.0
528,global_consumer__retail_sales_of_goods_of_the_enterprises_above_designated_size_building_and_decoration_materials,0.0
529,global_consumer__retail_sales_of_goods_of_the_enterprises_above_designated_size_commodities,0.0
530,global_consumer__retail_sales_of_goods_of_the_enterprises_above_designated_size_communication_appliances,0.0
531,global_consumer__retail_sales_of_goods_of_the_enterprises_above_designated_size_cosmetics,0.0
532,global_consumer__retail_sales_of_goods_of_the_enterprises_above_designated_size_cultural_and_office_appliances,0.0
533,global_consumer__retail_sales_of_goods_of_the_enterprises_above_designated_size_furniture,0.0
534,global_consumer__packaged_holiday,0.0
535,global_consumer__other_major_durable_entertainment_equipment,0.0
536,global_consumer__nhh_with_disposable_income_0_to_10_k_yuan,0.0
537,global_consumer__nhh_with_disposable_income_80_to_100_k_yuan,0.0
538,global_consumer__nhh_with_disposable_income_100_to_150_k_yuan,0.0
539,global_consumer__nhh_with_disposable_income_10_to_20_k_yuan,0.0
540,global_consumer__nhh_with_disposable_income_150_to_200_k_yuan,0.0
541,global_consumer__nhh_with_disposable_income_2000_to_3000_k_yuan,0.0
542,global_consumer__nhh_with_disposable_income_200_to_300_k_yuan,0.0
543,global_consumer__nhh_with_disposable_income_20_to_40_k_yuan,0.0
544,global_consumer__nhh_with_disposable_income_300_to_400_k_yuan,0.0
545,global_consumer__nhh_with_disposable_income_400_to_500_k_yuan,0.0
546,global_consumer__nhh_with_disposable_income_40_to_60_k_yuan,0.0
547,global_consumer__nhh_with_disposable_income_500_to_1000_k_yuan,0.0
548,global_consumer__nhh_with_disposable_income_60_to_80_k_yuan,0.0
549,global_consumer__nhh_with_disposable_income_over_3000_k_yuan,0.0
550,global_consumer__other_household_services,0.0
551,global_consumer__nominal_private_consumption_adjusted,0.0
552,global_consumer__nominal_retail_sales_of_consumer_goods_catering_trade_of_enterprises_or_units_above_designated_size,0.0
553,global_consumer__nominal_retail_sales_of_consumer_goods_enterprises_or_units_above_designated_size_total,0.0
554,global_consumer__nominal_retail_sales_of_consumer_goods_online_retail_sales_of_physical_goods,0.0
555,global_consumer__nominal_retail_sales_of_consumer_goods_retail_sales_of_enterprises_or_units_above_designated_size,0.0
556,global_consumer__nominal_retail_sales_of_consumer_goods_total,0.0
557,global_consumer__nominal_retail_sales_of_consumer_goods_total_online_retail_sales,0.0
558,global_consumer__non_durables,0.0
559,global_consumer__nonalcoholic_beverages,0.0
560,global_consumer__nonstore_retailers,0.0
561,global_consumer__other_household_equipment,0.0
562,global_consumer__retail_sales_of_goods_of_the_enterprises_above_designated_size_garments_footwear_hats_knitwear_and_textile,0.0
563,global_consumer__retail_sales_of_goods_of_the_enterprises_above_designated_size_gold_silver_and_jewelry,0.0
564,global_consumer__retail_sales_of_goods_of_the_enterprises_above_designated_size_grain_oil_foodstuff_beverages_tobacco_and_liquor,0.0
565,global_consumer__total_population_75,0.0
566,global_consumer__total_population_30_to_34,0.0
567,global_consumer__total_population_35_to_39,0.0
568,global_consumer__total_population_40_to_44,0.0
569,global_consumer__total_population_45_to_49,0.0
570,global_consumer__total_population_50_to_54,0.0
571,global_consumer__total_population_55_to_59,0.0
572,global_consumer__total_population_5_to_9,0.0
573,global_consumer__total_population_60_to_64,0.0
574,global_consumer__total_population_65,0.0
575,global_consumer__total_population_65_to_69,0.0
576,global_consumer__total_population_70_to_74,0.0
577,global_consumer__total_retail_sales,0.0
578,global_consumer__retail_sales_of_goods_of_the_enterprises_above_designated_size_household_appliances_and_av_equipment,0.0
579,global_consumer__transportation_and_communication,0.0
580,global_consumer__transportation_equipment,0.0
581,global_consumer__transportation_equipment_operational_cost,0.0
582,global_consumer__unemployment_rate,0.0
583,global_consumer__urban_consumption_nominal,0.0
584,global_consumer__urban_consumption_real,0.0
585,global_consumer__urban_household,0.0
586,global_consumer__urban_population,0.0
587,global_consumer__wine,0.0
588,global_economy__bop_basic_balance_lcu__chinese_renminbi,0.0
589,global_economy__bop_basic_balance_lcu__euro,0.0
590,global_consumer__total_population_25_to_29,0.0
591,global_consumer__total_population_20_to_24,0.0
592,global_consumer__total_population_15_to_19,0.0
593,global_consumer__total_population_10_to_14,0.0
594,global_consumer__retail_sales_of_goods_of_the_enterprises_above_designated_size_others,0.0
595,global_consumer__retail_sales_of_goods_of_the_enterprises_above_designated_size_petroleum_and_related_products,0.0
596,global_consumer__retail_sales_of_goods_of_the_enterprises_above_designated_size_sports_and_recreation_articles,0.0
597,global_consumer__retail_sales_of_goods_of_the_enterprises_above_designated_size_traditional_chinese_and_western_medicines,0.0
598,global_consumer__rural_consumption_nominal,0.0
599,global_consumer__rural_consumption_real,0.0
600,global_consumer__secondary_enrollment_rate,0.0
601,global_consumer__semi_durables,0.0
602,global_consumer__services,0.0
603,global_consumer__spirits,0.0
604,global_consumer__sporting_goods_hobby_book_music,0.0
605,global_consumer__tertiary_enrollment_rate,0.0
606,global_consumer__total_consumption,0.0
607,global_consumer__total_consumption_constant_2015_lcu,0.0
608,global_consumer__total_consumption_constant_2015_us,0.0
609,global_consumer__total_consumption_current_us,0.0
610,global_consumer__total_female_population,0.0
611,global_consumer__total_health_expenditures,0.0
612,global_consumer__total_labor_force,0.0
613,global_consumer__total_male_population,0.0
614,global_consumer__total_population,0.0
615,global_consumer__total_population_0_to_14,0.0
616,global_consumer__total_population_0_to_4,0.0
617,global_consumer__nhh_with_disposable_income_1000_to_2000_k_yuan,0.0
618,global_consumer__motor_vehicle_dealers,0.0
619,global_economy__employee_compensation_per_salaried_employee_us__u_s_dollar,0.0
620,global_consumer__male_population_30_to_34,0.0
621,global_consumer__illiteracy_rate,0.0
622,global_consumer__index_of_life_expectancy_at_birth,0.0
623,global_consumer__index_of_total_fertility,0.0
624,global_consumer__labor_participation_rate,0.0
625,global_consumer__male_employment,0.0
626,global_consumer__male_labor_force,0.0
627,global_consumer__male_population_0_to_14,0.0
628,global_consumer__male_population_0_to_4,0.0
629,global_consumer__male_population_10_to_14,0.0
630,global_consumer__male_population_15_to_64,0.0
631,global_consumer__male_population_25_to_29,0.0
632,global_consumer__male_population_35_to_39,0.0
633,global_consumer__household_equipment,0.0
634,global_consumer__male_population_40_to_44,0.0
635,global_consumer__male_population_45_to_49,0.0
636,global_consumer__male_population_50_to_54,0.0
637,global_consumer__male_population_55_to_59,0.0
638,global_consumer__male_population_5_to_9,0.0
639,global_consumer__male_population_60_to_64,0.0
640,global_consumer__male_population_65,0.0
641,global_consumer__male_population_65_to_69,0.0
642,global_consumer__male_population_70_to_74,0.0
643,global_consumer__male_population_75,0.0
644,global_consumer__male_unemployment_rate,0.0
645,global_consumer__household_operations,0.0
646,global_consumer__household_articles_and_services,0.0
647,global_consumer__motor_vehicle_and_parts_dealers,0.0
648,global_consumer__financial_other_services,0.0
649,global_consumer__female_population_40_to_44,0.0
650,global_consumer__female_population_45_to_49,0.0
651,global_consumer__female_population_50_to_54,0.0
652,global_consumer__female_population_55_to_59,0.0
653,global_consumer__female_population_5_to_9,0.0
654,global_consumer__female_population_60_to_64,0.0
655,global_consumer__female_population_65,0.0
656,global_consumer__female_population_65_to_69,0.0
657,global_consumer__female_population_70_to_74,0.0
658,global_consumer__female_population_75,0.0
659,global_consumer__female_unemployment_rate,0.0
660,global_consumer__food,0.0
661,global_consumer__hotels,0.0
662,global_consumer__food_beverages_and_tobacco,0.0
663,global_consumer__food_stores,0.0
664,global_consumer__furniture_and_home_furnishingstores,0.0
665,global_consumer__gasoline_stations,0.0
666,global_consumer__gdp_adjusted,0.0
667,global_consumer__general_merchandise,0.0
668,global_consumer__gross_domestic_product_constant_2015_us,0.0
669,global_consumer__gross_domestic_product_current_us,0.0
670,global_consumer__health,0.0
671,global_consumer__health_and_personal_care_stores,0.0
672,global_consumer__hospital_services,0.0
673,global_consumer__medical_appliances,0.0
674,global_consumer__millions_of_households_w_inc_0_5k_constant_2015_us,0.0
675,global_consumer__millions_of_households_w_inc_0_5k_constant_2015_us_ppp,0.0
676,global_consumer__millions_of_households_w_inc_70_80k_constant_2015_us_ppp,0.0
677,global_consumer__millions_of_households_w_inc_50_60k_current_us,0.0
678,global_consumer__millions_of_households_w_inc_50_60k_current_us_ppp,0.0
679,global_consumer__millions_of_households_w_inc_5_10k_constant_2015_us,0.0
680,global_consumer__millions_of_households_w_inc_5_10k_constant_2015_us_ppp,0.0
681,global_consumer__millions_of_households_w_inc_5_10k_current_us,0.0
682,global_consumer__millions_of_households_w_inc_5_10k_current_us_ppp,0.0
683,global_consumer__millions_of_households_w_inc_60_70k_constant_2015_us,0.0
684,global_consumer__millions_of_households_w_inc_60_70k_constant_2015_us_ppp,0.0
685,global_consumer__millions_of_households_w_inc_60_70k_current_us,0.0
686,global_consumer__millions_of_households_w_inc_60_70k_current_us_ppp,0.0
687,global_consumer__millions_of_households_w_inc_70_80k_constant_2015_us,0.0
688,global_consumer__millions_of_households_w_inc_70_80k_current_us,0.0
689,global_consumer__millions_of_households_w_inc_0_5k_current_us,0.0
690,global_consumer__millions_of_households_w_inc_70_80k_current_us_ppp,0.0
691,global_consumer__millions_of_households_w_inc_80_90k_constant_2015_us,0.0
692,global_consumer__millions_of_households_w_inc_80_90k_constant_2015_us_ppp,0.0
693,global_consumer__millions_of_households_w_inc_80_90k_current_us,0.0
694,global_consumer__millions_of_households_w_inc_80_90k_current_us_ppp,0.0
695,global_consumer__millions_of_households_w_inc_90_100k_constant_2015_us,0.0
696,global_consumer__millions_of_households_w_inc_90_100k_constant_2015_us_ppp,0.0
697,global_consumer__millions_of_households_w_inc_90_100k_current_us,0.0
698,global_consumer__millions_of_households_w_inc_90_100k_current_us_ppp,0.0
699,global_consumer__miscellaneous_goods_and_services,0.0
700,global_consumer__miscellaneous_store_retailers,0.0
701,global_consumer__millions_of_households_w_inc_50_60k_constant_2015_us_ppp,0.0
702,global_consumer__millions_of_households_w_inc_50_60k_constant_2015_us,0.0
703,global_consumer__millions_of_households_w_inc_40_50k_current_us_ppp,0.0
704,global_consumer__millions_of_households_w_inc_40_50k_current_us,0.0
705,global_consumer__millions_of_households_w_inc_0_5k_current_us_ppp,0.0
706,global_consumer__millions_of_households_w_inc_100_150k_constant_2015_us_ppp,0.0
707,global_consumer__millions_of_households_w_inc_100_150k_current_us_ppp,0.0
708,global_consumer__millions_of_households_w_inc_10_15k_constant_2015_us_ppp,0.0
709,global_consumer__millions_of_households_w_inc_10_15k_current_us,0.0
710,global_consumer__millions_of_households_w_inc_10_15k_current_us_ppp,0.0
711,global_consumer__millions_of_households_w_inc_150k_constant_2015_us,0.0
712,global_consumer__millions_of_households_w_inc_150k_constant_2015_us_ppp,0.0
713,global_consumer__millions_of_households_w_inc_150k_current_us,0.0
714,global_consumer__millions_of_households_w_inc_150k_current_us_ppp,0.0
715,global_consumer__millions_of_households_w_inc_15_20k_constant_2015_us,0.0
716,global_consumer__millions_of_households_w_inc_15_20k_constant_2015_us_ppp,0.0
717,global_consumer__millions_of_households_w_inc_15_20k_current_us,0.0
718,global_consumer__millions_of_households_w_inc_15_20k_current_us_ppp,0.0
719,global_consumer__millions_of_households_w_inc_20_30k_constant_2015_us,0.0
720,global_consumer__millions_of_households_w_inc_20_30k_constant_2015_us_ppp,0.0
721,global_consumer__millions_of_households_w_inc_20_30k_current_us,0.0
722,global_consumer__millions_of_households_w_inc_20_30k_current_us_ppp,0.0
723,global_consumer__millions_of_households_w_inc_30_40k_constant_2015_us,0.0
724,global_consumer__millions_of_households_w_inc_30_40k_constant_2015_us_ppp,0.0
725,global_consumer__millions_of_households_w_inc_30_40k_current_us,0.0
726,global_consumer__millions_of_households_w_inc_30_40k_current_us_ppp,0.0
727,global_consumer__millions_of_households_w_inc_40_50k_constant_2015_us,0.0
728,global_economy__bop_basic_balance_us__u_s_dollar,0.0
729,global_economy__bop_cap_account_bal_lcu__chinese_renminbi,0.0
730,global_economy__bop_cap_account_bal_lcu__euro,0.0
731,global_economy__debt_total_of_gdp_unspecified_government__percentage,0.0
732,global_economy__debt_total_in_euro_unspecified_government__euro,0.0
733,global_economy__debt_total_in_lcu_central_government__u_s_dollar,0.0
734,global_economy__debt_total_in_lcu_general_government__chinese_renminbi,0.0
735,global_economy__debt_total_in_lcu_general_government__euro,0.0
736,global_economy__debt_total_in_lcu_general_government__u_s_dollar,0.0
737,global_economy__debt_total_in_lcu_unspecified_government__chinese_renminbi,0.0
738,global_economy__debt_total_in_lcu_unspecified_government__euro,0.0
739,global_economy__debt_total_in_lcu_unspecified_government__u_s_dollar,0.0
740,global_economy__debt_total_in_us_central_government__u_s_dollar,0.0
741,global_economy__debt_total_in_us_unspecified_government__u_s_dollar,0.0
742,global_economy__debt_total_of_gdp_central_government__percentage,0.0
743,global_economy__deflator_consumption_total_euro__index,0.0
744,global_economy__current_revenue_of_gdp_unspecified_government__percentage,0.0
745,global_economy__deflator_consumption_total_lcu__index,0.0
746,global_economy__deflator_consumption_total_us__index,0.0
747,global_economy__deflator_customs_clearance_exports_total_saar_us__index,0.0
748,global_economy__deflator_fixed_investment_euro__index,0.0
749,global_economy__deflator_fixed_investment_government_euro__index,0.0
750,global_economy__deflator_fixed_investment_government_lcu__index,0.0
751,global_economy__deflator_fixed_investment_government_us__index,0.0
752,global_economy__deflator_fixed_investment_lcu__index,0.0
753,global_consumer__employment,0.0
754,global_economy__deflator_fixed_investment_private_non_residential_lcu__index,0.0
755,global_economy__deflator_fixed_investment_private_residential_euro__index,0.0
756,global_economy__debt_total_in_euro_central_government__euro,0.0
757,global_economy__current_revenue_of_gdp_general_government__percentage,0.0
758,global_economy__bop_change_in_reserves_lcu__chinese_renminbi,0.0
759,global_economy__current_expenditure_of_gdp_central_government__percentage,0.0
760,global_economy__consumer_price_index_core_euro_basis__index,0.0
761,global_economy__consumer_price_index_euro_basis__index,0.0
762,global_consumer__entertainment_and_recreation,0.0
763,global_economy__current_expenditure_in_euro_general_government__euro,0.0
764,global_economy__current_expenditure_in_euro_unspecified_government__euro,0.0
765,global_economy__current_expenditure_in_lcu_central_government__u_s_dollar,0.0
766,global_economy__current_expenditure_in_lcu_general_government__u_s_dollar,0.0
767,global_economy__current_expenditure_in_lcu_unspecified_government__u_s_dollar,0.0
768,global_economy__current_expenditure_in_us_central_government__u_s_dollar,0.0
769,global_economy__current_expenditure_in_us_general_government__u_s_dollar,0.0
770,global_economy__current_expenditure_in_us_unspecified_government__u_s_dollar,0.0
771,global_economy__current_expenditure_of_gdp_general_government__percentage,0.0
772,global_economy__current_revenue_of_gdp_central_government__percentage,0.0
773,global_economy__current_expenditure_of_gdp_unspecified_government__percentage,0.0
774,global_economy__current_expenditures_in_euro_central_government__euro,0.0
775,global_economy__current_revenue_in_euro_central_government__euro,0.0
776,global_economy__current_revenue_in_euro_general_government__euro,0.0
777,global_economy__current_revenue_in_euro_unspecified_government__euro,0.0
778,global_economy__current_revenue_in_lcu_central_government__u_s_dollar,0.0
779,global_economy__current_revenue_in_lcu_general_government__u_s_dollar,0.0
780,global_economy__current_revenue_in_lcu_unspecified_government__u_s_dollar,0.0
781,global_economy__current_revenue_in_us_central_government__u_s_dollar,0.0
782,global_economy__current_revenue_in_us_general_government__u_s_dollar,0.0
783,global_economy__current_revenue_in_us_unspecified_government__u_s_dollar,0.0
784,global_economy__deflator_fixed_investment_private_residential_lcu__index,0.0
785,global_economy__deflator_fixed_investment_us__index,0.0
786,global_economy__deflator_gdp_at_factor_cost_agriculture_lcu__index,0.0
787,global_economy__disposable_personal_income_lcu__u_s_dollar,0.0
788,global_economy__deflator_private_consumption_euro__index,0.0
789,global_economy__deflator_private_consumption_lcu__index,0.0
790,global_economy__deflator_private_consumption_us__index,0.0
791,global_economy__direct_income_taxes_in_euro_general_government__euro,0.0
792,global_economy__direct_income_taxes_in_euro_unspecified_government__euro,0.0
793,global_economy__direct_income_taxes_in_lcu_general_government__u_s_dollar,0.0
794,global_economy__direct_income_taxes_in_lcu_unspecified_government__u_s_dollar,0.0
795,global_economy__direct_income_taxes_in_us_general_government__u_s_dollar,0.0
796,global_economy__direct_income_taxes_in_us_unspecified_government__u_s_dollar,0.0
797,global_economy__disposable_personal_income_lcu__chinese_renminbi,0.0
798,global_economy__disposable_personal_income_lcu__euro,0.0
799,global_economy__disposable_personal_income_real_euro__euro,0.0
800,global_consumer__employee_compensation,0.0
801,global_economy__disposable_personal_income_real_lcu__chinese_renminbi,0.0
802,global_economy__disposable_personal_income_real_lcu__euro,0.0
803,global_economy__disposable_personal_income_real_lcu__u_s_dollar,0.0
804,global_economy__disposable_personal_income_real_us__u_s_dollar,0.0
805,global_economy__disposable_personal_income_us__u_s_dollar,0.0
806,global_economy__employee_compensation_euro__euro,0.0
807,global_economy__employee_compensation_lcu__euro,0.0
808,global_economy__employee_compensation_lcu__u_s_dollar,0.0
809,global_economy__employee_compensation_per_salaried_employee_euro__euro,0.0
810,global_economy__employee_compensation_per_salaried_employee_lcu__euro,0.0
811,global_economy__employee_compensation_per_salaried_employee_lcu__u_s_dollar,0.0
812,global_economy__deflator_nia_imports_of_goods_non_factor_services_lcu__index,0.0
813,global_economy__deflator_nia_imports_of_goods_non_factor_services_euro__index,0.0
814,global_economy__deflator_nia_exports_of_goods_non_factor_services_us__index,0.0
815,global_economy__deflator_nia_exports_of_goods_non_factor_services_lcu__index,0.0
816,global_economy__deflator_gdp_at_factor_cost_euro__euro,0.0
817,global_economy__deflator_gdp_at_factor_cost_industry_construction_euro__index,0.0
818,global_economy__deflator_gdp_at_factor_cost_industry_construction_lcu__index,0.0
819,global_economy__deflator_gdp_at_factor_cost_industry_construction_us__index,0.0
820,global_economy__deflator_gdp_at_factor_cost_industry_euro__index,0.0
821,global_economy__deflator_gdp_at_factor_cost_industry_lcu__index,0.0
822,global_economy__deflator_gdp_at_factor_cost_industry_manufacturing_lcu__index,0.0
823,global_economy__deflator_gdp_at_factor_cost_industry_us__index,0.0
824,global_economy__deflator_gdp_at_factor_cost_lcu__index,0.0
825,global_economy__deflator_gdp_at_factor_cost_services_lcu__index,0.0
826,global_economy__deflator_gdp_at_factor_cost_services_us__index,0.0
827,global_economy__deflator_gdp_at_factor_cost_us__index,0.0
828,global_economy__deflator_government_consumption_lcu__index,0.0
829,global_economy__deflator_government_consumption_us__index,0.0
830,global_economy__deflator_gross_domestic_demand_absorption_euro__index,0.0
831,global_economy__deflator_gross_domestic_demand_absorption_lcu__index,0.0
832,global_economy__deflator_gross_domestic_demand_absorption_us__index,0.0
833,global_consumer__female_population_30_to_34,0.0
834,global_economy__deflator_gross_domestic_investment_lcu__index,0.0
835,global_economy__deflator_gross_domestic_investment_us__index,0.0
836,global_economy__deflator_gross_domestic_product_euro__index,0.0
837,global_economy__deflator_gross_domestic_product_lcu__index,0.0
838,global_economy__deflator_gross_domestic_product_us__index,0.0
839,global_economy__consumer_price_index_core_dollar_basis__index,0.0
840,global_economy__consumer_price_index_core__index,0.0
841,global_consumer__exchange_rate,0.0
842,global_economy__bop_net_errors_omissions_lcu__chinese_renminbi,0.0
843,global_economy__bop_goods_exports_lcu__euro,0.0
844,global_economy__bop_goods_exports_lcu__u_s_dollar,0.0
845,global_economy__bop_goods_exports_us__u_s_dollar,0.0
846,global_economy__bop_goods_imports_euro__euro,0.0
847,global_economy__bop_goods_imports_lcu__chinese_renminbi,0.0
848,global_economy__bop_goods_imports_lcu__euro,0.0
849,global_economy__bop_goods_imports_lcu__u_s_dollar,0.0
850,global_economy__bop_goods_imports_of_gdp__percentage,0.0
851,global_economy__bop_miscellaneous_capital_account_lcu__chinese_renminbi,0.0
852,global_economy__bop_miscellaneous_capital_account_lcu__euro,0.0
853,global_economy__bop_miscellaneous_capital_account_us__u_s_dollar,0.0
854,global_economy__bop_net_errors_omissions_lcu__euro,0.0
855,global_economy__bop_other_investment_asset_debit_capital_outflow_lcu__euro,0.0
856,global_economy__bop_non_factor_service_balance_lcu__chinese_renminbi,0.0
857,global_economy__bop_non_factor_service_balance_lcu__euro,0.0
858,global_economy__bop_non_factor_service_balance_lcu__u_s_dollar,0.0
859,global_economy__bop_non_factor_service_exports_euro__euro,0.0
860,global_economy__bop_non_factor_service_exports_lcu__chinese_renminbi,0.0
861,global_economy__bop_non_factor_service_exports_lcu__euro,0.0
862,global_economy__bop_non_factor_service_exports_lcu__u_s_dollar,0.0
863,global_economy__bop_non_factor_service_imports_euro__euro,0.0
864,global_economy__bop_non_factor_service_imports_lcu__chinese_renminbi,0.0
865,global_economy__bop_non_factor_service_imports_lcu__euro,0.0
866,global_economy__bop_non_factor_service_imports_lcu__u_s_dollar,0.0
867,global_economy__bop_goods_exports_lcu__chinese_renminbi,0.0
868,global_economy__bop_goods_exports_euro__euro,0.0
869,global_economy__bop_goods_balance_lcu__u_s_dollar,0.0
870,global_economy__bop_goods_balance_lcu__euro,0.0
871,global_economy__bop_change_in_reserves_lcu__euro,0.0
872,global_economy__bop_current_account_balance_lcu__chinese_renminbi,0.0
873,global_economy__bop_current_account_balance_lcu__euro,0.0
874,global_economy__bop_current_account_balance_lcu__u_s_dollar,0.0
875,global_economy__bop_direct_investment_asset_debit_capital_outflow_lcu__chinese_renminbi,0.0
876,global_economy__bop_direct_investment_asset_debit_capital_outflow_lcu__euro,0.0
877,global_economy__bop_direct_investment_balance_or_net_fdi_net_capital_inflow_lcu__chinese_renminbi,0.0
878,global_economy__bop_direct_investment_balance_or_net_fdi_net_capital_inflow_lcu__euro,0.0
879,global_economy__bop_direct_investment_liability_or_fdi_credit_capital_inflow_lcu__chinese_renminbi,0.0
880,global_economy__bop_direct_investment_liability_or_fdi_credit_capital_inflow_lcu__euro,0.0
881,global_economy__bop_factor_service_balance_net_foreign_investment_income_lcu__chinese_renminbi,0.0
882,global_economy__bop_factor_service_balance_net_foreign_investment_income_lcu__euro,0.0
883,global_economy__bop_factor_service_balance_net_foreign_investment_income_lcu__u_s_dollar,0.0
884,global_economy__bop_factor_service_balance_of_gdp__percentage,0.0
885,global_economy__bop_factor_service_exports_and_credits_investment_income_receipts_from_the_rest_of_the_world_lcu__chinese_renminbi,0.0
886,global_economy__bop_factor_service_exports_and_credits_investment_income_receipts_from_the_rest_of_the_world_lcu__euro,0.0
887,global_economy__bop_factor_service_exports_and_credits_investment_income_receipts_from_the_rest_of_the_world_lcu__u_s_dollar,0.0
888,global_economy__bop_factor_service_imports_and_debits_investment_income_payments_to_the_rest_of_the_world_lcu__chinese_renminbi,0.0
889,global_economy__bop_factor_service_imports_and_debits_investment_income_payments_to_the_rest_of_the_world_lcu__euro,0.0
890,global_economy__bop_factor_service_imports_and_debits_investment_income_payments_to_the_rest_of_the_world_lcu__u_s_dollar,0.0
891,global_economy__bop_financial_account_balance_lcu__chinese_renminbi,0.0
892,global_economy__bop_financial_account_balance_lcu__euro,0.0
893,global_economy__bop_goods_balance_lcu__chinese_renminbi,0.0
894,global_economy__bop_other_investment_asset_debit_capital_outflow_lcu__chinese_renminbi,0.0
895,global_economy__bop_other_investment_balance_net_capital_inflow_lcu__chinese_renminbi,0.0
896,global_economy__capital_consumption_total_us__u_s_dollar,0.0
897,global_economy__bop_transfer_payments_balance_lcu__chinese_renminbi,0.0
898,global_economy__bop_total_exports_goods_nf_services_us__u_s_dollar,0.0
899,global_economy__bop_total_imports_goods_nf_services_euro__euro,0.0
900,global_economy__bop_total_imports_goods_nf_services_lcu__chinese_renminbi,0.0
901,global_economy__bop_total_imports_goods_nf_services_lcu__euro,0.0
902,global_economy__bop_total_imports_goods_nf_services_lcu__u_s_dollar,0.0
903,global_economy__bop_total_imports_goods_nf_services_us__u_s_dollar,0.0
904,global_economy__bop_trade_balance_goods_nf_services_lcu__chinese_renminbi,0.0
905,global_economy__bop_trade_balance_goods_nf_services_lcu__euro,0.0
906,global_economy__bop_trade_balance_goods_nf_services_lcu__u_s_dollar,0.0
907,global_consumer__female_employment,0.0
908,global_economy__bop_trade_balance_goods_nf_services_us__u_s_dollar,0.0
909,global_economy__bop_transfer_payments_balance_lcu__euro,0.0
910,global_economy__bop_other_investment_balance_net_capital_inflow_lcu__euro,0.0
911,global_economy__bop_transfer_payments_balance_lcu__u_s_dollar,0.0
912,global_economy__bop_transfer_payments_credit_euro__euro,0.0
913,global_economy__bop_transfer_payments_credit_lcu__chinese_renminbi,0.0
914,global_economy__bop_transfer_payments_credit_lcu__euro,0.0
915,global_economy__bop_transfer_payments_debit_lcu__chinese_renminbi,0.0
916,global_economy__bop_transfer_payments_debit_lcu__euro,0.0
917,global_economy__broad_money_supply_period_end_lcu__chinese_renminbi,0.0
918,global_economy__broad_money_supply_period_end_lcu__euro,0.0
919,global_economy__broad_money_supply_period_end_lcu__index,0.0
920,global_economy__broad_money_supply_period_end_lcu__u_s_dollar,0.0
921,global_economy__capital_consumption_total_lcu__u_s_dollar,0.0
922,global_economy__bop_total_exports_goods_nf_services_of_gdp__percentage,0.0
923,global_economy__bop_total_exports_goods_nf_services_lcu__u_s_dollar,0.0
924,global_economy__bop_total_exports_goods_nf_services_lcu__euro,0.0
925,global_economy__bop_total_exports_goods_nf_services_lcu__chinese_renminbi,0.0
926,global_economy__bop_other_investment_liability_credit_capital_inflow_lcu__chinese_renminbi,0.0
927,global_economy__bop_other_investment_liability_credit_capital_inflow_lcu__euro,0.0
928,global_consumer__female_population_10_to_14,0.0
929,global_economy__bop_portfolio_investment_asset_debit_capital_outflow_lcu__chinese_renminbi,0.0
930,global_economy__bop_portfolio_investment_asset_debit_capital_outflow_lcu__euro,0.0
931,global_economy__bop_portfolio_investment_balance_net_capital_inflow_lcu__chinese_renminbi,0.0
932,global_economy__bop_portfolio_investment_balance_net_capital_inflow_lcu__euro,0.0
933,global_economy__bop_portfolio_investment_liability_credit_capital_inflow_lcu__chinese_renminbi,0.0
934,global_economy__bop_portfolio_investment_liability_credit_capital_inflow_lcu__euro,0.0
935,global_economy__bop_services_factor_non_factor_balance_lcu__chinese_renminbi,0.0
936,global_economy__bop_services_factor_non_factor_balance_lcu__euro,0.0
937,global_economy__bop_services_factor_non_factor_balance_lcu__u_s_dollar,0.0
938,global_economy__bop_services_factor_non_factor_balance_us__u_s_dollar,0.0
939,global_economy__bop_services_factor_non_factor_exports_lcu__chinese_renminbi,0.0
940,global_economy__bop_services_factor_non_factor_exports_lcu__euro,0.0
941,global_economy__bop_services_factor_non_factor_exports_lcu__u_s_dollar,0.0
942,global_economy__bop_services_factor_non_factor_exports_us__u_s_dollar,0.0
943,global_consumer__female_labor_force,0.0
944,global_economy__bop_services_factor_non_factor_imports_lcu__chinese_renminbi,0.0
945,global_economy__bop_services_factor_non_factor_imports_lcu__euro,0.0
946,global_economy__bop_services_factor_non_factor_imports_lcu__u_s_dollar,0.0
947,global_economy__bop_services_factor_non_factor_imports_us__u_s_dollar,0.0
948,global_economy__bop_total_exports_goods_nf_services_euro__euro,0.0
949,countryNo,0.0
